eval_function_name,count,mean,std,min,25%,50%,75%,max
ragas-answer-relevancy,230.0,0.9008351217332466,0.11346670728647601,0.0,0.8891194279442639,0.9217190048027281,0.945813201710923,0.9916613411865635
ragas-faithfulness,229.0,0.8879184861717613,0.27805835593913764,0.0,1.0,1.0,1.0,1.0
ragas-precision,232.0,0.8918821838513469,0.29355339295293886,0.0,0.9999999999,0.99999999995,0.99999999995,0.9999999999666667
ragas-recall,231.0,0.8795093795093796,0.32158056185329964,0.0,1.0,1.0,1.0,1.0
